--
-- PostgreSQL database dump
--

-- Dumped from database version 15.2 (Ubuntu 15.2-1.pgdg22.04+1)
-- Dumped by pg_dump version 15.2 (Ubuntu 15.2-1.pgdg22.04+1)

SET statement_timeout = 0;
SET lock_timeout = 0;
SET idle_in_transaction_session_timeout = 0;
SET client_encoding = 'UTF8';
SET standard_conforming_strings = on;
SELECT pg_catalog.set_config('search_path', '', false);
SET check_function_bodies = false;
SET xmloption = content;
SET client_min_messages = warning;
SET row_security = off;

SET default_tablespace = '';

SET default_table_access_method = heap;

--
-- Name: auth_group; Type: TABLE; Schema: public; Owner: postgres
--

CREATE TABLE public.auth_group (
    id integer NOT NULL,
    name character varying(150) NOT NULL
);


ALTER TABLE public.auth_group OWNER TO postgres;

--
-- Name: auth_group_id_seq; Type: SEQUENCE; Schema: public; Owner: postgres
--

ALTER TABLE public.auth_group ALTER COLUMN id ADD GENERATED BY DEFAULT AS IDENTITY (
    SEQUENCE NAME public.auth_group_id_seq
    START WITH 1
    INCREMENT BY 1
    NO MINVALUE
    NO MAXVALUE
    CACHE 1
);


--
-- Name: auth_group_permissions; Type: TABLE; Schema: public; Owner: postgres
--

CREATE TABLE public.auth_group_permissions (
    id bigint NOT NULL,
    group_id integer NOT NULL,
    permission_id integer NOT NULL
);


ALTER TABLE public.auth_group_permissions OWNER TO postgres;

--
-- Name: auth_group_permissions_id_seq; Type: SEQUENCE; Schema: public; Owner: postgres
--

ALTER TABLE public.auth_group_permissions ALTER COLUMN id ADD GENERATED BY DEFAULT AS IDENTITY (
    SEQUENCE NAME public.auth_group_permissions_id_seq
    START WITH 1
    INCREMENT BY 1
    NO MINVALUE
    NO MAXVALUE
    CACHE 1
);


--
-- Name: auth_permission; Type: TABLE; Schema: public; Owner: postgres
--

CREATE TABLE public.auth_permission (
    id integer NOT NULL,
    name character varying(255) NOT NULL,
    content_type_id integer NOT NULL,
    codename character varying(100) NOT NULL
);


ALTER TABLE public.auth_permission OWNER TO postgres;

--
-- Name: auth_permission_id_seq; Type: SEQUENCE; Schema: public; Owner: postgres
--

ALTER TABLE public.auth_permission ALTER COLUMN id ADD GENERATED BY DEFAULT AS IDENTITY (
    SEQUENCE NAME public.auth_permission_id_seq
    START WITH 1
    INCREMENT BY 1
    NO MINVALUE
    NO MAXVALUE
    CACHE 1
);


--
-- Name: django_admin_log; Type: TABLE; Schema: public; Owner: postgres
--

CREATE TABLE public.django_admin_log (
    id integer NOT NULL,
    action_time timestamp with time zone NOT NULL,
    object_id text,
    object_repr character varying(200) NOT NULL,
    action_flag smallint NOT NULL,
    change_message text NOT NULL,
    content_type_id integer,
    user_id bigint NOT NULL,
    CONSTRAINT django_admin_log_action_flag_check CHECK ((action_flag >= 0))
);


ALTER TABLE public.django_admin_log OWNER TO postgres;

--
-- Name: django_admin_log_id_seq; Type: SEQUENCE; Schema: public; Owner: postgres
--

ALTER TABLE public.django_admin_log ALTER COLUMN id ADD GENERATED BY DEFAULT AS IDENTITY (
    SEQUENCE NAME public.django_admin_log_id_seq
    START WITH 1
    INCREMENT BY 1
    NO MINVALUE
    NO MAXVALUE
    CACHE 1
);


--
-- Name: django_content_type; Type: TABLE; Schema: public; Owner: postgres
--

CREATE TABLE public.django_content_type (
    id integer NOT NULL,
    app_label character varying(100) NOT NULL,
    model character varying(100) NOT NULL
);


ALTER TABLE public.django_content_type OWNER TO postgres;

--
-- Name: django_content_type_id_seq; Type: SEQUENCE; Schema: public; Owner: postgres
--

ALTER TABLE public.django_content_type ALTER COLUMN id ADD GENERATED BY DEFAULT AS IDENTITY (
    SEQUENCE NAME public.django_content_type_id_seq
    START WITH 1
    INCREMENT BY 1
    NO MINVALUE
    NO MAXVALUE
    CACHE 1
);


--
-- Name: django_migrations; Type: TABLE; Schema: public; Owner: postgres
--

CREATE TABLE public.django_migrations (
    id bigint NOT NULL,
    app character varying(255) NOT NULL,
    name character varying(255) NOT NULL,
    applied timestamp with time zone NOT NULL
);


ALTER TABLE public.django_migrations OWNER TO postgres;

--
-- Name: django_migrations_id_seq; Type: SEQUENCE; Schema: public; Owner: postgres
--

ALTER TABLE public.django_migrations ALTER COLUMN id ADD GENERATED BY DEFAULT AS IDENTITY (
    SEQUENCE NAME public.django_migrations_id_seq
    START WITH 1
    INCREMENT BY 1
    NO MINVALUE
    NO MAXVALUE
    CACHE 1
);


--
-- Name: django_session; Type: TABLE; Schema: public; Owner: postgres
--

CREATE TABLE public.django_session (
    session_key character varying(40) NOT NULL,
    session_data text NOT NULL,
    expire_date timestamp with time zone NOT NULL
);


ALTER TABLE public.django_session OWNER TO postgres;

--
-- Name: main_app_bill; Type: TABLE; Schema: public; Owner: postgres
--

CREATE TABLE public.main_app_bill (
    id bigint NOT NULL,
    name_bill character varying(20) NOT NULL,
    summ numeric(19,2) NOT NULL,
    description text,
    date date NOT NULL,
    bills_category_id bigint NOT NULL
);


ALTER TABLE public.main_app_bill OWNER TO postgres;

--
-- Name: main_app_bill_id_seq; Type: SEQUENCE; Schema: public; Owner: postgres
--

ALTER TABLE public.main_app_bill ALTER COLUMN id ADD GENERATED BY DEFAULT AS IDENTITY (
    SEQUENCE NAME public.main_app_bill_id_seq
    START WITH 1
    INCREMENT BY 1
    NO MINVALUE
    NO MAXVALUE
    CACHE 1
);


--
-- Name: main_app_billscategory; Type: TABLE; Schema: public; Owner: postgres
--

CREATE TABLE public.main_app_billscategory (
    id bigint NOT NULL,
    name_billscategory character varying(20) NOT NULL
);


ALTER TABLE public.main_app_billscategory OWNER TO postgres;

--
-- Name: main_app_billscategory_id_seq; Type: SEQUENCE; Schema: public; Owner: postgres
--

ALTER TABLE public.main_app_billscategory ALTER COLUMN id ADD GENERATED BY DEFAULT AS IDENTITY (
    SEQUENCE NAME public.main_app_billscategory_id_seq
    START WITH 1
    INCREMENT BY 1
    NO MINVALUE
    NO MAXVALUE
    CACHE 1
);


--
-- Name: main_app_budjetname; Type: TABLE; Schema: public; Owner: postgres
--

CREATE TABLE public.main_app_budjetname (
    id bigint NOT NULL,
    name character varying(40) NOT NULL,
    plan_costs numeric(19,2) NOT NULL,
    plan_incomes numeric(19,2) NOT NULL
);


ALTER TABLE public.main_app_budjetname OWNER TO postgres;

--
-- Name: main_app_budjetname_id_seq; Type: SEQUENCE; Schema: public; Owner: postgres
--

ALTER TABLE public.main_app_budjetname ALTER COLUMN id ADD GENERATED BY DEFAULT AS IDENTITY (
    SEQUENCE NAME public.main_app_budjetname_id_seq
    START WITH 1
    INCREMENT BY 1
    NO MINVALUE
    NO MAXVALUE
    CACHE 1
);


--
-- Name: main_app_categoryincome; Type: TABLE; Schema: public; Owner: postgres
--

CREATE TABLE public.main_app_categoryincome (
    id bigint NOT NULL,
    name_categoryincome character varying(30) NOT NULL,
    plan numeric(19,2) NOT NULL,
    description text
);


ALTER TABLE public.main_app_categoryincome OWNER TO postgres;

--
-- Name: main_app_categoryincome_id_seq; Type: SEQUENCE; Schema: public; Owner: postgres
--

ALTER TABLE public.main_app_categoryincome ALTER COLUMN id ADD GENERATED BY DEFAULT AS IDENTITY (
    SEQUENCE NAME public.main_app_categoryincome_id_seq
    START WITH 1
    INCREMENT BY 1
    NO MINVALUE
    NO MAXVALUE
    CACHE 1
);


--
-- Name: main_app_consultantclient; Type: TABLE; Schema: public; Owner: postgres
--

CREATE TABLE public.main_app_consultantclient (
    id bigint NOT NULL,
    client_id bigint NOT NULL,
    consultant_id bigint NOT NULL
);


ALTER TABLE public.main_app_consultantclient OWNER TO postgres;

--
-- Name: main_app_consultantclient_id_seq; Type: SEQUENCE; Schema: public; Owner: postgres
--

ALTER TABLE public.main_app_consultantclient ALTER COLUMN id ADD GENERATED BY DEFAULT AS IDENTITY (
    SEQUENCE NAME public.main_app_consultantclient_id_seq
    START WITH 1
    INCREMENT BY 1
    NO MINVALUE
    NO MAXVALUE
    CACHE 1
);


--
-- Name: main_app_currency; Type: TABLE; Schema: public; Owner: postgres
--

CREATE TABLE public.main_app_currency (
    id bigint NOT NULL,
    name_currency character varying(20) NOT NULL
);


ALTER TABLE public.main_app_currency OWNER TO postgres;

--
-- Name: main_app_currency_id_seq; Type: SEQUENCE; Schema: public; Owner: postgres
--

ALTER TABLE public.main_app_currency ALTER COLUMN id ADD GENERATED BY DEFAULT AS IDENTITY (
    SEQUENCE NAME public.main_app_currency_id_seq
    START WITH 1
    INCREMENT BY 1
    NO MINVALUE
    NO MAXVALUE
    CACHE 1
);


--
-- Name: main_app_role; Type: TABLE; Schema: public; Owner: postgres
--

CREATE TABLE public.main_app_role (
    id bigint NOT NULL,
    role_name character varying(20) NOT NULL,
    description text
);


ALTER TABLE public.main_app_role OWNER TO postgres;

--
-- Name: main_app_role_id_seq; Type: SEQUENCE; Schema: public; Owner: postgres
--

ALTER TABLE public.main_app_role ALTER COLUMN id ADD GENERATED BY DEFAULT AS IDENTITY (
    SEQUENCE NAME public.main_app_role_id_seq
    START WITH 1
    INCREMENT BY 1
    NO MINVALUE
    NO MAXVALUE
    CACHE 1
);


--
-- Name: main_app_user; Type: TABLE; Schema: public; Owner: postgres
--

CREATE TABLE public.main_app_user (
    id bigint NOT NULL,
    password character varying(128) NOT NULL,
    last_login timestamp with time zone,
    is_superuser boolean NOT NULL,
    username character varying(150) NOT NULL,
    first_name character varying(150) NOT NULL,
    last_name character varying(150) NOT NULL,
    email character varying(254) NOT NULL,
    is_staff boolean NOT NULL,
    is_active boolean NOT NULL,
    date_joined timestamp with time zone NOT NULL,
    surname character varying(40),
    avatar character varying(100),
    phone character varying(128) NOT NULL,
    role_id bigint NOT NULL
);


ALTER TABLE public.main_app_user OWNER TO postgres;

--
-- Name: main_app_user_groups; Type: TABLE; Schema: public; Owner: postgres
--

CREATE TABLE public.main_app_user_groups (
    id bigint NOT NULL,
    user_id bigint NOT NULL,
    group_id integer NOT NULL
);


ALTER TABLE public.main_app_user_groups OWNER TO postgres;

--
-- Name: main_app_user_groups_id_seq; Type: SEQUENCE; Schema: public; Owner: postgres
--

ALTER TABLE public.main_app_user_groups ALTER COLUMN id ADD GENERATED BY DEFAULT AS IDENTITY (
    SEQUENCE NAME public.main_app_user_groups_id_seq
    START WITH 1
    INCREMENT BY 1
    NO MINVALUE
    NO MAXVALUE
    CACHE 1
);


--
-- Name: main_app_user_id_seq; Type: SEQUENCE; Schema: public; Owner: postgres
--

ALTER TABLE public.main_app_user ALTER COLUMN id ADD GENERATED BY DEFAULT AS IDENTITY (
    SEQUENCE NAME public.main_app_user_id_seq
    START WITH 1
    INCREMENT BY 1
    NO MINVALUE
    NO MAXVALUE
    CACHE 1
);


--
-- Name: main_app_user_user_permissions; Type: TABLE; Schema: public; Owner: postgres
--

CREATE TABLE public.main_app_user_user_permissions (
    id bigint NOT NULL,
    user_id bigint NOT NULL,
    permission_id integer NOT NULL
);


ALTER TABLE public.main_app_user_user_permissions OWNER TO postgres;

--
-- Name: main_app_user_user_permissions_id_seq; Type: SEQUENCE; Schema: public; Owner: postgres
--

ALTER TABLE public.main_app_user_user_permissions ALTER COLUMN id ADD GENERATED BY DEFAULT AS IDENTITY (
    SEQUENCE NAME public.main_app_user_user_permissions_id_seq
    START WITH 1
    INCREMENT BY 1
    NO MINVALUE
    NO MAXVALUE
    CACHE 1
);


--
-- Data for Name: auth_group; Type: TABLE DATA; Schema: public; Owner: postgres
--

COPY public.auth_group (id, name) FROM stdin;
\.


--
-- Data for Name: auth_group_permissions; Type: TABLE DATA; Schema: public; Owner: postgres
--

COPY public.auth_group_permissions (id, group_id, permission_id) FROM stdin;
\.


--
-- Data for Name: auth_permission; Type: TABLE DATA; Schema: public; Owner: postgres
--

COPY public.auth_permission (id, name, content_type_id, codename) FROM stdin;
1	Can add log entry	1	add_logentry
2	Can change log entry	1	change_logentry
3	Can delete log entry	1	delete_logentry
4	Can view log entry	1	view_logentry
5	Can add permission	2	add_permission
6	Can change permission	2	change_permission
7	Can delete permission	2	delete_permission
8	Can view permission	2	view_permission
9	Can add group	3	add_group
10	Can change group	3	change_group
11	Can delete group	3	delete_group
12	Can view group	3	view_group
13	Can add content type	4	add_contenttype
14	Can change content type	4	change_contenttype
15	Can delete content type	4	delete_contenttype
16	Can view content type	4	view_contenttype
17	Can add session	5	add_session
18	Can change session	5	change_session
19	Can delete session	5	delete_session
20	Can view session	5	view_session
21	Can add user	6	add_user
22	Can change user	6	change_user
23	Can delete user	6	delete_user
24	Can view user	6	view_user
25	Can add bills category	7	add_billscategory
26	Can change bills category	7	change_billscategory
27	Can delete bills category	7	delete_billscategory
28	Can view bills category	7	view_billscategory
29	Can add budjet name	8	add_budjetname
30	Can change budjet name	8	change_budjetname
31	Can delete budjet name	8	delete_budjetname
32	Can view budjet name	8	view_budjetname
33	Can add category income	9	add_categoryincome
34	Can change category income	9	change_categoryincome
35	Can delete category income	9	delete_categoryincome
36	Can view category income	9	view_categoryincome
37	Can add currency	10	add_currency
38	Can change currency	10	change_currency
39	Can delete currency	10	delete_currency
40	Can view currency	10	view_currency
41	Can add role	11	add_role
42	Can change role	11	change_role
43	Can delete role	11	delete_role
44	Can view role	11	view_role
45	Can add consultant client	12	add_consultantclient
46	Can change consultant client	12	change_consultantclient
47	Can delete consultant client	12	delete_consultantclient
48	Can view consultant client	12	view_consultantclient
49	Can add bill	13	add_bill
50	Can change bill	13	change_bill
51	Can delete bill	13	delete_bill
52	Can view bill	13	view_bill
\.


--
-- Data for Name: django_admin_log; Type: TABLE DATA; Schema: public; Owner: postgres
--

COPY public.django_admin_log (id, action_time, object_id, object_repr, action_flag, change_message, content_type_id, user_id) FROM stdin;
\.


--
-- Data for Name: django_content_type; Type: TABLE DATA; Schema: public; Owner: postgres
--

COPY public.django_content_type (id, app_label, model) FROM stdin;
1	admin	logentry
2	auth	permission
3	auth	group
4	contenttypes	contenttype
5	sessions	session
6	main_app	user
7	main_app	billscategory
8	main_app	budjetname
9	main_app	categoryincome
10	main_app	currency
11	main_app	role
12	main_app	consultantclient
13	main_app	bill
\.


--
-- Data for Name: django_migrations; Type: TABLE DATA; Schema: public; Owner: postgres
--

COPY public.django_migrations (id, app, name, applied) FROM stdin;
1	contenttypes	0001_initial	2023-02-27 17:19:02.907297+03
2	contenttypes	0002_remove_content_type_name	2023-02-27 17:19:02.913452+03
3	auth	0001_initial	2023-02-27 17:19:02.939592+03
4	auth	0002_alter_permission_name_max_length	2023-02-27 17:19:02.943951+03
5	auth	0003_alter_user_email_max_length	2023-02-27 17:19:02.949921+03
6	auth	0004_alter_user_username_opts	2023-02-27 17:19:02.954108+03
7	auth	0005_alter_user_last_login_null	2023-02-27 17:19:02.957994+03
8	auth	0006_require_contenttypes_0002	2023-02-27 17:19:02.959561+03
9	auth	0007_alter_validators_add_error_messages	2023-02-27 17:19:02.963875+03
10	auth	0008_alter_user_username_max_length	2023-02-27 17:19:02.968768+03
11	auth	0009_alter_user_last_name_max_length	2023-02-27 17:19:02.972788+03
12	auth	0010_alter_group_name_max_length	2023-02-27 17:19:02.977521+03
13	auth	0011_update_proxy_permissions	2023-02-27 17:19:02.981537+03
14	auth	0012_alter_user_first_name_max_length	2023-02-27 17:19:02.98643+03
15	main_app	0001_initial	2023-02-27 17:19:03.070463+03
16	admin	0001_initial	2023-02-27 17:19:03.091952+03
17	admin	0002_logentry_remove_auto_add	2023-02-27 17:19:03.100114+03
18	admin	0003_logentry_add_action_flag_choices	2023-02-27 17:19:03.106302+03
19	sessions	0001_initial	2023-02-27 17:19:03.115418+03
\.


--
-- Data for Name: django_session; Type: TABLE DATA; Schema: public; Owner: postgres
--

COPY public.django_session (session_key, session_data, expire_date) FROM stdin;
\.


--
-- Data for Name: main_app_bill; Type: TABLE DATA; Schema: public; Owner: postgres
--

COPY public.main_app_bill (id, name_bill, summ, description, date, bills_category_id) FROM stdin;
\.


--
-- Data for Name: main_app_billscategory; Type: TABLE DATA; Schema: public; Owner: postgres
--

COPY public.main_app_billscategory (id, name_billscategory) FROM stdin;
\.


--
-- Data for Name: main_app_budjetname; Type: TABLE DATA; Schema: public; Owner: postgres
--

COPY public.main_app_budjetname (id, name, plan_costs, plan_incomes) FROM stdin;
\.


--
-- Data for Name: main_app_categoryincome; Type: TABLE DATA; Schema: public; Owner: postgres
--

COPY public.main_app_categoryincome (id, name_categoryincome, plan, description) FROM stdin;
\.


--
-- Data for Name: main_app_consultantclient; Type: TABLE DATA; Schema: public; Owner: postgres
--

COPY public.main_app_consultantclient (id, client_id, consultant_id) FROM stdin;
\.


--
-- Data for Name: main_app_currency; Type: TABLE DATA; Schema: public; Owner: postgres
--

COPY public.main_app_currency (id, name_currency) FROM stdin;
\.


--
-- Data for Name: main_app_role; Type: TABLE DATA; Schema: public; Owner: postgres
--

COPY public.main_app_role (id, role_name, description) FROM stdin;
\.


--
-- Data for Name: main_app_user; Type: TABLE DATA; Schema: public; Owner: postgres
--

COPY public.main_app_user (id, password, last_login, is_superuser, username, first_name, last_name, email, is_staff, is_active, date_joined, surname, avatar, phone, role_id) FROM stdin;
\.


--
-- Data for Name: main_app_user_groups; Type: TABLE DATA; Schema: public; Owner: postgres
--

COPY public.main_app_user_groups (id, user_id, group_id) FROM stdin;
\.


--
-- Data for Name: main_app_user_user_permissions; Type: TABLE DATA; Schema: public; Owner: postgres
--

COPY public.main_app_user_user_permissions (id, user_id, permission_id) FROM stdin;
\.


--
-- Name: auth_group_id_seq; Type: SEQUENCE SET; Schema: public; Owner: postgres
--

SELECT pg_catalog.setval('public.auth_group_id_seq', 1, false);


--
-- Name: auth_group_permissions_id_seq; Type: SEQUENCE SET; Schema: public; Owner: postgres
--

SELECT pg_catalog.setval('public.auth_group_permissions_id_seq', 1, false);


--
-- Name: auth_permission_id_seq; Type: SEQUENCE SET; Schema: public; Owner: postgres
--

SELECT pg_catalog.setval('public.auth_permission_id_seq', 52, true);


--
-- Name: django_admin_log_id_seq; Type: SEQUENCE SET; Schema: public; Owner: postgres
--

SELECT pg_catalog.setval('public.django_admin_log_id_seq', 1, false);


--
-- Name: django_content_type_id_seq; Type: SEQUENCE SET; Schema: public; Owner: postgres
--

SELECT pg_catalog.setval('public.django_content_type_id_seq', 13, true);


--
-- Name: django_migrations_id_seq; Type: SEQUENCE SET; Schema: public; Owner: postgres
--

SELECT pg_catalog.setval('public.django_migrations_id_seq', 19, true);


--
-- Name: main_app_bill_id_seq; Type: SEQUENCE SET; Schema: public; Owner: postgres
--

SELECT pg_catalog.setval('public.main_app_bill_id_seq', 1, false);


--
-- Name: main_app_billscategory_id_seq; Type: SEQUENCE SET; Schema: public; Owner: postgres
--

SELECT pg_catalog.setval('public.main_app_billscategory_id_seq', 1, false);


--
-- Name: main_app_budjetname_id_seq; Type: SEQUENCE SET; Schema: public; Owner: postgres
--

SELECT pg_catalog.setval('public.main_app_budjetname_id_seq', 1, false);


--
-- Name: main_app_categoryincome_id_seq; Type: SEQUENCE SET; Schema: public; Owner: postgres
--

SELECT pg_catalog.setval('public.main_app_categoryincome_id_seq', 1, false);


--
-- Name: main_app_consultantclient_id_seq; Type: SEQUENCE SET; Schema: public; Owner: postgres
--

SELECT pg_catalog.setval('public.main_app_consultantclient_id_seq', 1, false);


--
-- Name: main_app_currency_id_seq; Type: SEQUENCE SET; Schema: public; Owner: postgres
--

SELECT pg_catalog.setval('public.main_app_currency_id_seq', 1, false);


--
-- Name: main_app_role_id_seq; Type: SEQUENCE SET; Schema: public; Owner: postgres
--

SELECT pg_catalog.setval('public.main_app_role_id_seq', 1, false);


--
-- Name: main_app_user_groups_id_seq; Type: SEQUENCE SET; Schema: public; Owner: postgres
--

SELECT pg_catalog.setval('public.main_app_user_groups_id_seq', 1, false);


--
-- Name: main_app_user_id_seq; Type: SEQUENCE SET; Schema: public; Owner: postgres
--

SELECT pg_catalog.setval('public.main_app_user_id_seq', 1, false);


--
-- Name: main_app_user_user_permissions_id_seq; Type: SEQUENCE SET; Schema: public; Owner: postgres
--

SELECT pg_catalog.setval('public.main_app_user_user_permissions_id_seq', 1, false);


--
-- Name: auth_group auth_group_name_key; Type: CONSTRAINT; Schema: public; Owner: postgres
--

ALTER TABLE ONLY public.auth_group
    ADD CONSTRAINT auth_group_name_key UNIQUE (name);


--
-- Name: auth_group_permissions auth_group_permissions_group_id_permission_id_0cd325b0_uniq; Type: CONSTRAINT; Schema: public; Owner: postgres
--

ALTER TABLE ONLY public.auth_group_permissions
    ADD CONSTRAINT auth_group_permissions_group_id_permission_id_0cd325b0_uniq UNIQUE (group_id, permission_id);


--
-- Name: auth_group_permissions auth_group_permissions_pkey; Type: CONSTRAINT; Schema: public; Owner: postgres
--

ALTER TABLE ONLY public.auth_group_permissions
    ADD CONSTRAINT auth_group_permissions_pkey PRIMARY KEY (id);


--
-- Name: auth_group auth_group_pkey; Type: CONSTRAINT; Schema: public; Owner: postgres
--

ALTER TABLE ONLY public.auth_group
    ADD CONSTRAINT auth_group_pkey PRIMARY KEY (id);


--
-- Name: auth_permission auth_permission_content_type_id_codename_01ab375a_uniq; Type: CONSTRAINT; Schema: public; Owner: postgres
--

ALTER TABLE ONLY public.auth_permission
    ADD CONSTRAINT auth_permission_content_type_id_codename_01ab375a_uniq UNIQUE (content_type_id, codename);


--
-- Name: auth_permission auth_permission_pkey; Type: CONSTRAINT; Schema: public; Owner: postgres
--

ALTER TABLE ONLY public.auth_permission
    ADD CONSTRAINT auth_permission_pkey PRIMARY KEY (id);


--
-- Name: django_admin_log django_admin_log_pkey; Type: CONSTRAINT; Schema: public; Owner: postgres
--

ALTER TABLE ONLY public.django_admin_log
    ADD CONSTRAINT django_admin_log_pkey PRIMARY KEY (id);


--
-- Name: django_content_type django_content_type_app_label_model_76bd3d3b_uniq; Type: CONSTRAINT; Schema: public; Owner: postgres
--

ALTER TABLE ONLY public.django_content_type
    ADD CONSTRAINT django_content_type_app_label_model_76bd3d3b_uniq UNIQUE (app_label, model);


--
-- Name: django_content_type django_content_type_pkey; Type: CONSTRAINT; Schema: public; Owner: postgres
--

ALTER TABLE ONLY public.django_content_type
    ADD CONSTRAINT django_content_type_pkey PRIMARY KEY (id);


--
-- Name: django_migrations django_migrations_pkey; Type: CONSTRAINT; Schema: public; Owner: postgres
--

ALTER TABLE ONLY public.django_migrations
    ADD CONSTRAINT django_migrations_pkey PRIMARY KEY (id);


--
-- Name: django_session django_session_pkey; Type: CONSTRAINT; Schema: public; Owner: postgres
--

ALTER TABLE ONLY public.django_session
    ADD CONSTRAINT django_session_pkey PRIMARY KEY (session_key);


--
-- Name: main_app_bill main_app_bill_name_bill_key; Type: CONSTRAINT; Schema: public; Owner: postgres
--

ALTER TABLE ONLY public.main_app_bill
    ADD CONSTRAINT main_app_bill_name_bill_key UNIQUE (name_bill);


--
-- Name: main_app_bill main_app_bill_pkey; Type: CONSTRAINT; Schema: public; Owner: postgres
--

ALTER TABLE ONLY public.main_app_bill
    ADD CONSTRAINT main_app_bill_pkey PRIMARY KEY (id);


--
-- Name: main_app_billscategory main_app_billscategory_name_billscategory_key; Type: CONSTRAINT; Schema: public; Owner: postgres
--

ALTER TABLE ONLY public.main_app_billscategory
    ADD CONSTRAINT main_app_billscategory_name_billscategory_key UNIQUE (name_billscategory);


--
-- Name: main_app_billscategory main_app_billscategory_pkey; Type: CONSTRAINT; Schema: public; Owner: postgres
--

ALTER TABLE ONLY public.main_app_billscategory
    ADD CONSTRAINT main_app_billscategory_pkey PRIMARY KEY (id);


--
-- Name: main_app_budjetname main_app_budjetname_name_key; Type: CONSTRAINT; Schema: public; Owner: postgres
--

ALTER TABLE ONLY public.main_app_budjetname
    ADD CONSTRAINT main_app_budjetname_name_key UNIQUE (name);


--
-- Name: main_app_budjetname main_app_budjetname_pkey; Type: CONSTRAINT; Schema: public; Owner: postgres
--

ALTER TABLE ONLY public.main_app_budjetname
    ADD CONSTRAINT main_app_budjetname_pkey PRIMARY KEY (id);


--
-- Name: main_app_categoryincome main_app_categoryincome_name_categoryincome_key; Type: CONSTRAINT; Schema: public; Owner: postgres
--

ALTER TABLE ONLY public.main_app_categoryincome
    ADD CONSTRAINT main_app_categoryincome_name_categoryincome_key UNIQUE (name_categoryincome);


--
-- Name: main_app_categoryincome main_app_categoryincome_pkey; Type: CONSTRAINT; Schema: public; Owner: postgres
--

ALTER TABLE ONLY public.main_app_categoryincome
    ADD CONSTRAINT main_app_categoryincome_pkey PRIMARY KEY (id);


--
-- Name: main_app_consultantclient main_app_consultantclient_pkey; Type: CONSTRAINT; Schema: public; Owner: postgres
--

ALTER TABLE ONLY public.main_app_consultantclient
    ADD CONSTRAINT main_app_consultantclient_pkey PRIMARY KEY (id);


--
-- Name: main_app_currency main_app_currency_name_currency_key; Type: CONSTRAINT; Schema: public; Owner: postgres
--

ALTER TABLE ONLY public.main_app_currency
    ADD CONSTRAINT main_app_currency_name_currency_key UNIQUE (name_currency);


--
-- Name: main_app_currency main_app_currency_pkey; Type: CONSTRAINT; Schema: public; Owner: postgres
--

ALTER TABLE ONLY public.main_app_currency
    ADD CONSTRAINT main_app_currency_pkey PRIMARY KEY (id);


--
-- Name: main_app_role main_app_role_pkey; Type: CONSTRAINT; Schema: public; Owner: postgres
--

ALTER TABLE ONLY public.main_app_role
    ADD CONSTRAINT main_app_role_pkey PRIMARY KEY (id);


--
-- Name: main_app_role main_app_role_role_name_key; Type: CONSTRAINT; Schema: public; Owner: postgres
--

ALTER TABLE ONLY public.main_app_role
    ADD CONSTRAINT main_app_role_role_name_key UNIQUE (role_name);


--
-- Name: main_app_user_groups main_app_user_groups_pkey; Type: CONSTRAINT; Schema: public; Owner: postgres
--

ALTER TABLE ONLY public.main_app_user_groups
    ADD CONSTRAINT main_app_user_groups_pkey PRIMARY KEY (id);


--
-- Name: main_app_user_groups main_app_user_groups_user_id_group_id_a7d7cd1b_uniq; Type: CONSTRAINT; Schema: public; Owner: postgres
--

ALTER TABLE ONLY public.main_app_user_groups
    ADD CONSTRAINT main_app_user_groups_user_id_group_id_a7d7cd1b_uniq UNIQUE (user_id, group_id);


--
-- Name: main_app_user main_app_user_phone_key; Type: CONSTRAINT; Schema: public; Owner: postgres
--

ALTER TABLE ONLY public.main_app_user
    ADD CONSTRAINT main_app_user_phone_key UNIQUE (phone);


--
-- Name: main_app_user main_app_user_pkey; Type: CONSTRAINT; Schema: public; Owner: postgres
--

ALTER TABLE ONLY public.main_app_user
    ADD CONSTRAINT main_app_user_pkey PRIMARY KEY (id);


--
-- Name: main_app_user_user_permissions main_app_user_user_permi_user_id_permission_id_04c23478_uniq; Type: CONSTRAINT; Schema: public; Owner: postgres
--

ALTER TABLE ONLY public.main_app_user_user_permissions
    ADD CONSTRAINT main_app_user_user_permi_user_id_permission_id_04c23478_uniq UNIQUE (user_id, permission_id);


--
-- Name: main_app_user_user_permissions main_app_user_user_permissions_pkey; Type: CONSTRAINT; Schema: public; Owner: postgres
--

ALTER TABLE ONLY public.main_app_user_user_permissions
    ADD CONSTRAINT main_app_user_user_permissions_pkey PRIMARY KEY (id);


--
-- Name: main_app_user main_app_user_username_key; Type: CONSTRAINT; Schema: public; Owner: postgres
--

ALTER TABLE ONLY public.main_app_user
    ADD CONSTRAINT main_app_user_username_key UNIQUE (username);


--
-- Name: auth_group_name_a6ea08ec_like; Type: INDEX; Schema: public; Owner: postgres
--

CREATE INDEX auth_group_name_a6ea08ec_like ON public.auth_group USING btree (name varchar_pattern_ops);


--
-- Name: auth_group_permissions_group_id_b120cbf9; Type: INDEX; Schema: public; Owner: postgres
--

CREATE INDEX auth_group_permissions_group_id_b120cbf9 ON public.auth_group_permissions USING btree (group_id);


--
-- Name: auth_group_permissions_permission_id_84c5c92e; Type: INDEX; Schema: public; Owner: postgres
--

CREATE INDEX auth_group_permissions_permission_id_84c5c92e ON public.auth_group_permissions USING btree (permission_id);


--
-- Name: auth_permission_content_type_id_2f476e4b; Type: INDEX; Schema: public; Owner: postgres
--

CREATE INDEX auth_permission_content_type_id_2f476e4b ON public.auth_permission USING btree (content_type_id);


--
-- Name: django_admin_log_content_type_id_c4bce8eb; Type: INDEX; Schema: public; Owner: postgres
--

CREATE INDEX django_admin_log_content_type_id_c4bce8eb ON public.django_admin_log USING btree (content_type_id);


--
-- Name: django_admin_log_user_id_c564eba6; Type: INDEX; Schema: public; Owner: postgres
--

CREATE INDEX django_admin_log_user_id_c564eba6 ON public.django_admin_log USING btree (user_id);


--
-- Name: django_session_expire_date_a5c62663; Type: INDEX; Schema: public; Owner: postgres
--

CREATE INDEX django_session_expire_date_a5c62663 ON public.django_session USING btree (expire_date);


--
-- Name: django_session_session_key_c0390e0f_like; Type: INDEX; Schema: public; Owner: postgres
--

CREATE INDEX django_session_session_key_c0390e0f_like ON public.django_session USING btree (session_key varchar_pattern_ops);


--
-- Name: main_app_bill_bills_category_id_cf5c41ea; Type: INDEX; Schema: public; Owner: postgres
--

CREATE INDEX main_app_bill_bills_category_id_cf5c41ea ON public.main_app_bill USING btree (bills_category_id);


--
-- Name: main_app_bill_name_bill_38093157_like; Type: INDEX; Schema: public; Owner: postgres
--

CREATE INDEX main_app_bill_name_bill_38093157_like ON public.main_app_bill USING btree (name_bill varchar_pattern_ops);


--
-- Name: main_app_billscategory_name_billscategory_ab80d92f_like; Type: INDEX; Schema: public; Owner: postgres
--

CREATE INDEX main_app_billscategory_name_billscategory_ab80d92f_like ON public.main_app_billscategory USING btree (name_billscategory varchar_pattern_ops);


--
-- Name: main_app_budjetname_name_40f5cb6b_like; Type: INDEX; Schema: public; Owner: postgres
--

CREATE INDEX main_app_budjetname_name_40f5cb6b_like ON public.main_app_budjetname USING btree (name varchar_pattern_ops);


--
-- Name: main_app_categoryincome_name_categoryincome_7e7be9ae_like; Type: INDEX; Schema: public; Owner: postgres
--

CREATE INDEX main_app_categoryincome_name_categoryincome_7e7be9ae_like ON public.main_app_categoryincome USING btree (name_categoryincome varchar_pattern_ops);


--
-- Name: main_app_consultantclient_client_id_d935a4c2; Type: INDEX; Schema: public; Owner: postgres
--

CREATE INDEX main_app_consultantclient_client_id_d935a4c2 ON public.main_app_consultantclient USING btree (client_id);


--
-- Name: main_app_consultantclient_consultant_id_30772da3; Type: INDEX; Schema: public; Owner: postgres
--

CREATE INDEX main_app_consultantclient_consultant_id_30772da3 ON public.main_app_consultantclient USING btree (consultant_id);


--
-- Name: main_app_currency_name_currency_29b36260_like; Type: INDEX; Schema: public; Owner: postgres
--

CREATE INDEX main_app_currency_name_currency_29b36260_like ON public.main_app_currency USING btree (name_currency varchar_pattern_ops);


--
-- Name: main_app_role_role_name_4d8a4afd_like; Type: INDEX; Schema: public; Owner: postgres
--

CREATE INDEX main_app_role_role_name_4d8a4afd_like ON public.main_app_role USING btree (role_name varchar_pattern_ops);


--
-- Name: main_app_user_groups_group_id_8a48b2df; Type: INDEX; Schema: public; Owner: postgres
--

CREATE INDEX main_app_user_groups_group_id_8a48b2df ON public.main_app_user_groups USING btree (group_id);


--
-- Name: main_app_user_groups_user_id_8fd498e0; Type: INDEX; Schema: public; Owner: postgres
--

CREATE INDEX main_app_user_groups_user_id_8fd498e0 ON public.main_app_user_groups USING btree (user_id);


--
-- Name: main_app_user_phone_22b68dbf_like; Type: INDEX; Schema: public; Owner: postgres
--

CREATE INDEX main_app_user_phone_22b68dbf_like ON public.main_app_user USING btree (phone varchar_pattern_ops);


--
-- Name: main_app_user_role_id_e112f554; Type: INDEX; Schema: public; Owner: postgres
--

CREATE INDEX main_app_user_role_id_e112f554 ON public.main_app_user USING btree (role_id);


--
-- Name: main_app_user_user_permissions_permission_id_496a5f9a; Type: INDEX; Schema: public; Owner: postgres
--

CREATE INDEX main_app_user_user_permissions_permission_id_496a5f9a ON public.main_app_user_user_permissions USING btree (permission_id);


--
-- Name: main_app_user_user_permissions_user_id_0d3a2d75; Type: INDEX; Schema: public; Owner: postgres
--

CREATE INDEX main_app_user_user_permissions_user_id_0d3a2d75 ON public.main_app_user_user_permissions USING btree (user_id);


--
-- Name: main_app_user_username_b4e29af5_like; Type: INDEX; Schema: public; Owner: postgres
--

CREATE INDEX main_app_user_username_b4e29af5_like ON public.main_app_user USING btree (username varchar_pattern_ops);


--
-- Name: auth_group_permissions auth_group_permissio_permission_id_84c5c92e_fk_auth_perm; Type: FK CONSTRAINT; Schema: public; Owner: postgres
--

ALTER TABLE ONLY public.auth_group_permissions
    ADD CONSTRAINT auth_group_permissio_permission_id_84c5c92e_fk_auth_perm FOREIGN KEY (permission_id) REFERENCES public.auth_permission(id) DEFERRABLE INITIALLY DEFERRED;


--
-- Name: auth_group_permissions auth_group_permissions_group_id_b120cbf9_fk_auth_group_id; Type: FK CONSTRAINT; Schema: public; Owner: postgres
--

ALTER TABLE ONLY public.auth_group_permissions
    ADD CONSTRAINT auth_group_permissions_group_id_b120cbf9_fk_auth_group_id FOREIGN KEY (group_id) REFERENCES public.auth_group(id) DEFERRABLE INITIALLY DEFERRED;


--
-- Name: auth_permission auth_permission_content_type_id_2f476e4b_fk_django_co; Type: FK CONSTRAINT; Schema: public; Owner: postgres
--

ALTER TABLE ONLY public.auth_permission
    ADD CONSTRAINT auth_permission_content_type_id_2f476e4b_fk_django_co FOREIGN KEY (content_type_id) REFERENCES public.django_content_type(id) DEFERRABLE INITIALLY DEFERRED;


--
-- Name: django_admin_log django_admin_log_content_type_id_c4bce8eb_fk_django_co; Type: FK CONSTRAINT; Schema: public; Owner: postgres
--

ALTER TABLE ONLY public.django_admin_log
    ADD CONSTRAINT django_admin_log_content_type_id_c4bce8eb_fk_django_co FOREIGN KEY (content_type_id) REFERENCES public.django_content_type(id) DEFERRABLE INITIALLY DEFERRED;


--
-- Name: django_admin_log django_admin_log_user_id_c564eba6_fk_main_app_user_id; Type: FK CONSTRAINT; Schema: public; Owner: postgres
--

ALTER TABLE ONLY public.django_admin_log
    ADD CONSTRAINT django_admin_log_user_id_c564eba6_fk_main_app_user_id FOREIGN KEY (user_id) REFERENCES public.main_app_user(id) DEFERRABLE INITIALLY DEFERRED;


--
-- Name: main_app_bill main_app_bill_bills_category_id_cf5c41ea_fk_main_app_; Type: FK CONSTRAINT; Schema: public; Owner: postgres
--

ALTER TABLE ONLY public.main_app_bill
    ADD CONSTRAINT main_app_bill_bills_category_id_cf5c41ea_fk_main_app_ FOREIGN KEY (bills_category_id) REFERENCES public.main_app_billscategory(id) DEFERRABLE INITIALLY DEFERRED;


--
-- Name: main_app_consultantclient main_app_consultantc_client_id_d935a4c2_fk_main_app_; Type: FK CONSTRAINT; Schema: public; Owner: postgres
--

ALTER TABLE ONLY public.main_app_consultantclient
    ADD CONSTRAINT main_app_consultantc_client_id_d935a4c2_fk_main_app_ FOREIGN KEY (client_id) REFERENCES public.main_app_user(id) DEFERRABLE INITIALLY DEFERRED;


--
-- Name: main_app_consultantclient main_app_consultantc_consultant_id_30772da3_fk_main_app_; Type: FK CONSTRAINT; Schema: public; Owner: postgres
--

ALTER TABLE ONLY public.main_app_consultantclient
    ADD CONSTRAINT main_app_consultantc_consultant_id_30772da3_fk_main_app_ FOREIGN KEY (consultant_id) REFERENCES public.main_app_user(id) DEFERRABLE INITIALLY DEFERRED;


--
-- Name: main_app_user_groups main_app_user_groups_group_id_8a48b2df_fk_auth_group_id; Type: FK CONSTRAINT; Schema: public; Owner: postgres
--

ALTER TABLE ONLY public.main_app_user_groups
    ADD CONSTRAINT main_app_user_groups_group_id_8a48b2df_fk_auth_group_id FOREIGN KEY (group_id) REFERENCES public.auth_group(id) DEFERRABLE INITIALLY DEFERRED;


--
-- Name: main_app_user_groups main_app_user_groups_user_id_8fd498e0_fk_main_app_user_id; Type: FK CONSTRAINT; Schema: public; Owner: postgres
--

ALTER TABLE ONLY public.main_app_user_groups
    ADD CONSTRAINT main_app_user_groups_user_id_8fd498e0_fk_main_app_user_id FOREIGN KEY (user_id) REFERENCES public.main_app_user(id) DEFERRABLE INITIALLY DEFERRED;


--
-- Name: main_app_user main_app_user_role_id_e112f554_fk_main_app_role_id; Type: FK CONSTRAINT; Schema: public; Owner: postgres
--

ALTER TABLE ONLY public.main_app_user
    ADD CONSTRAINT main_app_user_role_id_e112f554_fk_main_app_role_id FOREIGN KEY (role_id) REFERENCES public.main_app_role(id) DEFERRABLE INITIALLY DEFERRED;


--
-- Name: main_app_user_user_permissions main_app_user_user_p_permission_id_496a5f9a_fk_auth_perm; Type: FK CONSTRAINT; Schema: public; Owner: postgres
--

ALTER TABLE ONLY public.main_app_user_user_permissions
    ADD CONSTRAINT main_app_user_user_p_permission_id_496a5f9a_fk_auth_perm FOREIGN KEY (permission_id) REFERENCES public.auth_permission(id) DEFERRABLE INITIALLY DEFERRED;


--
-- Name: main_app_user_user_permissions main_app_user_user_p_user_id_0d3a2d75_fk_main_app_; Type: FK CONSTRAINT; Schema: public; Owner: postgres
--

ALTER TABLE ONLY public.main_app_user_user_permissions
    ADD CONSTRAINT main_app_user_user_p_user_id_0d3a2d75_fk_main_app_ FOREIGN KEY (user_id) REFERENCES public.main_app_user(id) DEFERRABLE INITIALLY DEFERRED;


--
-- PostgreSQL database dump complete
--

